Date,Pure Gold (24 k),Standard Gold (22 K)
2018-01-01,2948.0,2807.0
2018-01-02,2957.0,2816.0
2018-01-03,2960.0,2819.0
2018-01-04,2946.0,2806.0
2018-01-05,2959.0,2818.0
2018-01-06,2966.0,2825.0
2018-01-07,2966.0,2825.0
2018-01-08,2955.0,2814.0
2018-01-09,2962.0,2821.0
2018-01-10,2967.0,2826.0
2018-01-11,2975.0,2833.0
2018-01-12,2992.0,2850.0
2018-01-13,3012.0,2869.0
2018-01-14,3012.0,2869.0
2018-01-15,3017.0,2873.0
2018-01-16,3026.0,2882.0
2018-01-17,3023.0,2879.0
2018-01-18,3004.0,2861.0
2018-01-19,3019.0,2876.0
2018-01-20,3028.0,2884.0
2018-01-21,3028.0,2884.0
2018-01-22,3022.0,2878.0
2018-01-23,3026.0,2882.0
2018-01-24,3039.0,2895.0
2018-01-25,3068.0,2922.0
2018-01-26,3068.0,2922.0
2018-01-27,3068.0,2922.0
2018-01-28,3068.0,2922.0
2018-01-29,3040.0,2895.0
2018-01-30,3037.0,2892.0
2018-01-31,3045.0,2900.0
2018-02-01,3038.0,2893.0
2018-02-02,3064.0,2918.0
2018-02-03,3050.0,2905.0
2018-02-04,3050.0,2905.0
2018-02-05,3041.0,2896.0
2018-02-06,3057.0,2911.0
2018-02-07,3033.0,2889.0
2018-02-08,3001.0,2858.0
2018-02-09,3010.0,2866.0
2018-02-10,3023.0,2879.0
2018-02-11,3023.0,2879.0
2018-02-12,3021.0,2877.0
2018-02-13,3036.0,2891.0
2018-02-14,3033.0,2889.0
2018-02-15,3071.0,2925.0
2018-02-16,3087.0,2940.0
2018-02-17,3096.0,2949.0
2018-02-18,3096.0,2949.0
2018-02-19,3083.0,2936.0
2018-02-20,3073.0,2927.0
2018-02-21,3058.0,2912.0
2018-02-22,3054.0,2909.0
2018-02-23,3058.0,2912.0
2018-02-24,3067.0,2921.0
2018-02-25,3067.0,2921.0
2018-02-26,3073.0,2927.0
2018-02-27,3070.0,2924.0
2018-02-28,3053.0,2908.0
2018-03-01,3038.0,2893.0
2018-03-02,3049.0,2904.0
2018-03-03,3068.0,2922.0
2018-03-04,3068.0,2922.0
2018-03-05,3064.0,2918.0
2018-03-06,3054.0,2909.0
2018-03-07,3071.0,2925.0
2018-03-08,3061.0,2915.0
2018-03-09,3050.0,2905.0
2018-03-10,3066.0,2921.0
2018-03-11,3066.0,2921.0
2018-03-12,3046.0,2901.0
2018-03-13,3042.0,2897.0
2018-03-14,3054.0,2908.0
2018-03-15,3046.0,2900.0
2018-03-16,3041.0,2895.0
2018-03-17,3041.0,2895.0
2018-03-18,3041.0,2895.0
2018-03-19,3030.0,2886.0
2018-03-20,3043.0,2898.0
2018-03-21,3044.0,2899.0
2018-03-22,3069.0,2923.0
2018-03-23,3086.0,2939.0
2018-03-24,3105.0,2957.0
2018-03-25,3105.0,2957.0
2018-03-26,3094.0,2947.0
2018-03-27,3095.0,2947.0
2018-03-28,3084.0,2937.0
2018-03-29,3067.0,2921.0
2018-03-30,3066.0,2920.0
2018-03-31,3072.0,2926.0
2018-04-01,3072.0,2926.0
2018-04-02,3071.0,2925.0
2018-04-03,3085.0,2938.0
2018-04-04,3099.0,2952.0
2018-04-05,3065.0,2918.0
2018-04-06,3058.0,2912.0
2018-04-07,3075.0,2929.0
2018-04-08,3075.0,2929.0
2018-04-09,3070.0,2924.0
2018-04-10,3080.0,2934.0
2018-04-11,3107.0,2959.0
2018-04-12,3120.0,2971.0
2018-04-13,3108.0,2960.0
2018-04-14,3140.0,2992.0
2018-04-15,3140.0,2992.0
2018-04-16,3124.0,2975.0
2018-04-17,3127.0,2978.0
2018-04-18,3142.0,2992.0
2018-04-19,3155.0,3005.0
2018-04-20,3147.0,2995.0
2018-04-21,3151.0,3001.0
2018-04-22,3151.0,3001.0
2018-04-23,3137.0,2988.0
2018-04-24,3131.0,2982.0
2018-04-25,3147.0,2998.0
2018-04-26,3140.0,2990.0
2018-04-27,3129.0,2980.0
2018-04-28,3140.0,2990.0
2018-04-29,3140.0,2990.0
2018-04-30,3115.0,2966.0
2018-05-01,3114.0,2966.0
2018-05-02,3109.0,2960.0
2018-05-03,3106.0,2958.0
2018-05-04,3113.0,2965.0
2018-05-05,3134.0,2985.0
2018-05-06,3134.0,2985.0
2018-05-07,3134.0,2985.0
2018-05-08,3123.0,2974.0
2018-05-09,3127.0,2978.0
2018-05-10,3139.0,2989.0
2018-05-11,3154.0,3004.0
2018-05-12,3166.0,3015.0
2018-05-13,3166.0,3015.0
2018-05-14,3158.0,3008.0
2018-05-15,3150.0,3000.0
2018-05-16,3117.0,2967.0
2018-05-17,3100.0,2950.0
2018-05-18,3110.0,2962.0
2018-05-19,3124.0,2975.0
2018-05-20,3124.0,2975.0
2018-05-21,3105.0,2957.0
2018-05-22,3123.0,2975.0
2018-05-23,3132.0,2983.0
2018-05-24,3139.0,2990.0
2018-05-25,3135.0,2986.0
2018-05-26,3133.0,2984.0
2018-05-27,3133.0,2984.0
2018-05-28,3104.0,2956.0
2018-05-29,3138.0,2990.0
2018-05-30,3110.0,2962.0
2018-05-31,3118.0,2969.0
2018-06-01,3098.0,2950.0
2018-06-02,3089.0,2942.0
2018-06-03,3089.0,2942.0
2018-06-04,3084.0,2937.0
2018-06-05,3086.0,2939.0
2018-06-06,3088.0,2941.0
2018-06-07,3089.0,2942.0
2018-06-08,3115.0,2967.0
2018-06-09,3118.0,2970.0
2018-06-10,3118.0,2970.0
2018-06-11,3100.0,2952.0
2018-06-12,3100.0,2952.0
2018-06-13,3102.0,2954.0
2018-06-14,3119.0,2970.0
2018-06-15,3125.0,2976.0
2018-06-16,3095.0,2948.0
2018-06-17,3095.0,2948.0
2018-06-18,3092.0,2945.0
2018-06-19,3096.0,2949.0
2018-06-20,3079.0,2932.0
2018-06-21,3061.0,2915.0
2018-06-22,3061.0,2915.0
2018-06-23,3071.0,2925.0
2018-06-24,3071.0,2925.0
2018-06-25,3076.0,2930.0
2018-06-26,3054.0,2908.0
2018-06-27,3070.0,2924.0
2018-06-28,3067.0,2921.0
2018-06-29,3051.0,2906.0
2018-06-30,3059.0,2913.0
2018-07-01,3059.0,2913.0
2018-07-02,3048.0,2903.0
2018-07-03,3040.0,2895.0
2018-07-04,3063.0,2917.0
2018-07-05,3066.0,2920.0
2018-07-06,3071.0,2925.0
2018-07-07,3070.0,2924.0
2018-07-08,3070.0,2924.0
2018-07-09,3073.0,2927.0
2018-07-10,3061.0,2915.0
2018-07-11,3057.0,2911.0
2018-07-12,3037.0,2891.0
2018-07-13,3024.0,2880.0
2018-07-14,3029.0,2885.0
2018-07-15,3029.0,2885.0
2018-07-16,3032.0,2888.0
2018-07-17,3021.0,2877.0
2018-07-18,2987.0,2844.0
2018-07-19,2993.0,2850.0
2018-07-20,2997.0,2854.0
2018-07-21,3018.0,2874.0
2018-07-22,3018.0,2874.0
2018-07-23,3009.0,2865.0
2018-07-24,3006.0,2863.0
2018-07-25,3006.0,2863.0
2018-07-26,3006.0,2863.0
2018-07-27,2988.0,2846.0
2018-07-28,3003.0,2860.0
2018-07-29,3003.0,2860.0
2018-07-30,2989.0,2847.0
2018-07-31,2983.0,2841.0
2018-08-01,2985.0,2843.0
2018-08-02,2974.0,2832.0
2018-08-03,2959.0,2817.0
2018-08-04,2973.0,2831.0
2018-08-05,2973.0,2831.0
2018-08-06,2966.0,2825.0
2018-08-07,2969.0,2828.0
2018-08-08,2963.0,2822.0
2018-08-09,2962.0,2821.0
2018-08-10,2964.0,2823.0
2018-08-11,2984.0,2842.0
2018-08-12,2984.0,2842.0
2018-08-13,2986.0,2844.0
2018-08-14,2968.0,2827.0
2018-08-15,2977.0,2835.0
2018-08-16,2957.0,2817.0
2018-08-17,2944.0,2804.0
2018-08-18,2961.0,2820.0
2018-08-19,2961.0,2820.0
2018-08-20,2952.0,2811.0
2018-08-21,2965.0,2824.0
2018-08-22,2974.0,2832.0
2018-08-23,2968.0,2826.0
2018-08-24,2975.0,2833.0
2018-08-25,3004.0,2861.0
2018-08-26,3004.0,2861.0
2018-08-27,2999.0,2856.0
2018-08-28,3026.0,2882.0
2018-08-29,3015.0,2872.0
2018-08-30,3024.0,2880.0
2018-08-31,3039.0,2894.0
2018-09-01,3029.0,2885.0
2018-09-02,3029.0,2885.0
2018-09-03,3027.0,2883.0
2018-09-04,3034.0,2890.0
2018-09-05,3044.0,2900.0
2018-09-06,3067.0,2923.0
2018-09-07,3056.0,2910.0
2018-09-08,3065.0,2919.0
2018-09-09,3065.0,2919.0
2018-09-10,3063.0,2917.0
2018-09-11,3072.0,2926.0
2018-09-12,3061.0,2915.0
2018-09-13,3068.0,2922.0
2018-09-14,3067.0,2921.0
2018-09-15,3066.0,2920.0
2018-09-16,3066.0,2920.0
2018-09-17,3082.0,2935.0
2018-09-18,3083.0,2936.0
2018-09-19,3097.0,2950.0
2018-09-20,3076.0,2929.0
2018-09-21,3092.0,2945.0
2018-09-22,3077.0,2930.0
2018-09-23,3077.0,2930.0
2018-09-24,3083.0,2936.0
2018-09-25,3090.0,2943.0
2018-09-26,3085.0,2938.0
2018-09-27,3075.0,2929.0
2018-09-28,3049.0,2904.0
2018-09-29,3074.0,2928.0
2018-09-30,3074.0,2928.0
2018-10-01,3061.0,2915.0
2018-10-02,3084.0,2938.0
2018-10-03,3118.0,2972.0
2018-10-04,3123.0,2974.0
2018-10-05,3137.0,2988.0
2018-10-06,3158.0,3008.0
2018-10-07,3158.0,3008.0
2018-10-08,3131.0,2981.0
2018-10-09,3121.0,2972.0
2018-10-10,3116.0,2968.0
2018-10-11,3141.0,2991.0
2018-10-12,3177.0,3026.0
2018-10-13,3176.0,3025.0
2018-10-14,3176.0,3025.0
2018-10-15,3211.0,3058.0
2018-10-16,3196.0,3043.0
2018-10-17,3186.0,3034.0
2018-10-18,3185.0,3033.0
2018-10-19,3194.0,3042.0
2018-10-20,3189.0,3037.0
2018-10-21,3189.0,3037.0
2018-10-22,3172.0,3021.0
2018-10-23,3210.0,3057.0
2018-10-24,3183.0,3031.0
2018-10-25,3187.0,3035.0
2018-10-26,3204.0,3052.0
2018-10-27,3197.0,3045.0
2018-10-28,3197.0,3045.0
2018-10-29,3190.0,3038.0
2018-10-30,3186.0,3035.0
2018-10-31,3180.0,3028.0
2018-11-01,3186.0,3034.0
2018-11-02,3178.0,3026.0
2018-11-03,3191.0,3039.0
2018-11-04,3191.0,3039.0
2018-11-05,3187.0,3035.0
2018-11-06,3197.0,3044.0
2018-11-07,3176.0,3023.0
2018-11-08,3156.0,3003.0
2018-11-09,3156.0,3003.0
2018-11-10,3138.0,2985.0
2018-11-11,3138.0,2985.0
2018-11-12,3139.0,2986.0
2018-11-13,3117.0,2968.0
2018-11-14,3096.0,2947.0
2018-11-15,3119.0,2970.0
2018-11-16,3106.0,2957.0
2018-11-17,3124.0,2975.0
2018-11-18,3124.0,2975.0
2018-11-19,3102.0,2957.0
2018-11-20,3105.0,2960.0
2018-11-21,3107.0,2962.0
2018-11-22,3100.0,2955.0
2018-11-23,3080.0,2935.0
2018-11-24,3079.0,2934.0
2018-11-25,3079.0,2934.0
2018-11-26,3077.0,2932.0
2018-11-27,3076.0,2931.0
2018-11-28,3055.0,2910.0
2018-11-29,3054.0,2909.0
2018-11-30,3047.0,2902.0
2018-12-01,3050.0,2905.0
2018-12-02,3050.0,2905.0
2018-12-03,3075.0,2930.0
2018-12-04,3098.0,2953.0
2018-12-05,3095.0,2949.0
2018-12-06,3116.0,2970.0
2018-12-07,3111.0,2965.0
2018-12-08,3156.0,3010.0
2018-12-09,3156.0,3010.0
2018-12-10,3150.0,3004.0
2018-12-11,3170.0,3024.0
2018-12-12,3170.0,3024.0
2018-12-13,3158.0,3012.0
2018-12-14,3150.0,3004.0
2018-12-15,3156.0,3010.0
2018-12-16,3156.0,3010.0
2018-12-17,3139.0,2993.0
2018-12-18,3132.0,2986.0
2018-12-19,3114.0,2968.0
2018-12-20,3108.0,2962.0
2018-12-21,3133.0,2987.0
2018-12-22,3125.0,2979.0
2018-12-23,3125.0,2979.0
2018-12-24,3133.0,2987.0
2018-12-25,3151.0,3005.0
2018-12-26,3153.0,3007.0
2018-12-27,3163.0,3017.0
2018-12-28,3162.0,3016.0
2018-12-29,3168.0,3022.0
2018-12-30,3168.0,3022.0
2018-12-31,3163.0,3017.0
2019-01-01,3167.0,3021.0
2019-01-02,3185.0,3039.0
2019-01-03,3198.0,3052.0
2019-01-04,3183.0,3037.0
2019-01-05,3170.0,3024.0
2019-01-06,3170.0,3024.0
2019-01-07,3190.0,3044.0
2019-01-08,3183.0,3037.0
2019-01-09,3197.0,3051.0
2019-01-10,3223.0,3076.0
2019-01-11,3219.0,3072.0
2019-01-12,3223.0,3076.0
2019-01-13,3223.0,3076.0
2019-01-14,3235.0,3088.0
2019-01-15,3238.0,3091.0
2019-01-16,3249.0,3102.0
2019-01-17,3258.0,3111.0
2019-01-18,3240.0,3093.0
2019-01-19,3238.0,3091.0
2019-01-20,3238.0,3091.0
2019-01-21,3227.0,3080.0
2019-01-22,3243.0,3096.0
2019-01-23,3244.0,3097.0
2019-01-24,3236.0,3089.0
2019-01-25,3239.0,3092.0
2019-01-26,3268.0,3121.0
2019-01-27,3268.0,3121.0
2019-01-28,3274.0,3127.0
2019-01-29,3292.0,3145.0
2019-01-30,3308.0,3161.0
2019-01-31,3320.0,3173.0
2019-02-01,3333.0,3186.0
2019-02-02,3341.0,3194.0
2019-02-03,3341.0,3194.0
2019-02-04,3328.0,3181.0
2019-02-05,3328.0,3181.0
2019-02-06,3329.0,3182.0
2019-02-07,3303.0,3156.0
2019-02-08,3297.0,3150.0
2019-02-09,3320.0,3173.0
2019-02-10,3320.0,3173.0
2019-02-11,3297.0,3150.0
2019-02-12,3292.0,3145.0
2019-02-13,3288.0,3141.0
2019-02-14,3292.0,3145.0
2019-02-15,3320.0,3173.0
2019-02-16,3337.0,3190.0
2019-02-17,3337.0,3190.0
2019-02-18,3343.0,3196.0
2019-02-19,3358.0,3211.0
2019-02-20,3373.0,3226.0
2019-02-21,3353.0,3206.0
2019-02-22,3336.0,3189.0
2019-02-23,3347.0,3200.0
2019-02-24,3347.0,3200.0
2019-02-25,3334.0,3187.0
2019-02-26,3329.0,3182.0
2019-02-27,3340.0,3193.0
2019-02-28,3330.0,3183.0
2019-03-01,3284.0,3137.0
2019-03-02,3269.0,3122.0
2019-03-03,3269.0,3122.0
2019-03-04,3255.0,3108.0
2019-03-05,3225.0,3078.0
2019-03-06,3227.0,3080.0
2019-03-07,3206.0,3059.0
2019-03-08,3219.0,3072.0
2019-03-09,3239.0,3092.0
2019-03-10,3239.0,3092.0
2019-03-11,3225.0,3077.0
2019-03-12,3208.0,3060.0
2019-03-13,3235.0,3087.0
2019-03-14,3220.0,3072.0
2019-03-15,3204.0,3056.0
2019-03-16,3207.0,3059.0
2019-03-17,3207.0,3059.0
2019-03-18,3184.0,3036.0
2019-03-19,3198.0,3050.0
2019-03-20,3187.0,3039.0
2019-03-21,3210.0,3062.0
2019-03-22,3209.0,3061.0
2019-03-23,3230.0,3082.0
2019-03-24,3230.0,3082.0
2019-03-25,3215.0,3067.0
2019-03-26,3212.0,3064.0
2019-03-27,3212.0,3064.0
2019-03-28,3197.0,3049.0
2019-03-29,3172.0,3025.0
2019-03-30,3195.0,3048.0
2019-03-31,3195.0,3048.0
2019-04-01,3181.0,3034.0
2019-04-02,3161.0,3014.0
2019-04-03,3149.0,3002.0
2019-04-04,3167.0,3020.0
2019-04-05,3175.0,3028.0
2019-04-06,3180.0,3033.0
2019-04-07,3180.0,3033.0
2019-04-08,3200.0,3053.0
2019-04-09,3203.0,3056.0
2019-04-10,3199.0,3052.0
2019-04-11,3190.0,3043.0
2019-04-12,3176.0,3029.0
2019-04-13,3179.0,3031.0
2019-04-14,3179.0,3031.0
2019-04-15,3164.0,3016.0
2019-04-16,3179.0,3031.0
2019-04-17,3168.0,3017.0
2019-04-18,3168.0,3017.0
2019-04-19,3163.0,3012.0
2019-04-20,3166.0,3015.0
2019-04-21,3166.0,3015.0
2019-04-22,3172.0,3021.0
2019-04-23,3168.0,3017.0
2019-04-24,3171.0,3020.0
2019-04-25,3193.0,3042.0
2019-04-26,3195.0,3044.0
2019-04-27,3206.0,3055.0
2019-04-28,3206.0,3055.0
2019-04-29,3199.0,3048.0
2019-04-30,3192.0,3041.0
2019-05-01,3189.0,3038.0
2019-05-02,3153.0,3002.0
2019-05-03,3143.0,2992.0
2019-05-04,3163.0,3012.0
2019-05-05,3163.0,3012.0
2019-05-06,3168.0,3017.0
2019-05-07,3173.0,3022.0
2019-05-08,3181.0,3030.0
2019-05-09,3191.0,3040.0
2019-05-10,3189.0,3038.0
2019-05-11,3203.0,3052.0
2019-05-12,3203.0,3052.0
2019-05-13,3205.0,3054.0
2019-05-14,3236.0,3085.0
2019-05-15,3230.0,3083.0
2019-05-16,3217.0,3070.0
2019-05-17,3205.0,3058.0
2019-05-18,3197.0,3050.0
2019-05-19,3197.0,3050.0
2019-05-20,3163.0,3016.0
2019-05-21,3167.0,3020.0
2019-05-22,3162.0,3015.0
2019-05-23,3176.0,3026.0
2019-05-24,3180.0,3030.0
2019-05-25,3181.0,3031.0
2019-05-26,3181.0,3031.0
2019-05-27,3187.0,3037.0
2019-05-28,3185.0,3035.0
2019-05-29,3197.0,3047.0
2019-05-30,3181.0,3031.0
2019-05-31,3212.0,3062.0
2019-06-01,3229.0,3079.0
2019-06-02,3229.0,3079.0
2019-06-03,3226.0,3076.0
2019-06-04,3250.0,3097.0
2019-06-05,3271.0,3116.0
2019-06-06,3278.0,3122.0
2019-06-07,3279.0,3123.0
2019-06-08,3298.0,3142.0
2019-06-09,3298.0,3142.0
2019-06-10,3267.0,3111.0
2019-06-11,3253.0,3097.0
2019-06-12,3275.0,3119.0
2019-06-13,3278.0,3122.0
2019-06-14,3317.0,3161.0
2019-06-15,3304.0,3148.0
2019-06-16,3304.0,3148.0
2019-06-17,3288.0,3132.0
2019-06-18,3301.0,3145.0
2019-06-19,3303.0,3147.0
2019-06-20,3369.0,3213.0
2019-06-21,3393.0,3237.0
2019-06-22,3415.0,3259.0
2019-06-23,3415.0,3259.0
2019-06-24,3421.0,3265.0
2019-06-25,3461.0,3303.0
2019-06-26,3405.0,3247.0
2019-06-27,3397.0,3239.0
2019-06-28,3412.0,3254.0
2019-06-29,3410.0,3252.0
2019-06-30,3410.0,3252.0
2019-07-01,3374.0,3216.0
2019-07-02,3374.0,3216.0
2019-07-03,3433.0,3274.0
2019-07-04,3412.0,3255.0
2019-07-05,3476.0,3319.0
2019-07-06,3438.0,3281.0
2019-07-07,3438.0,3281.0
2019-07-08,3460.0,3303.0
2019-07-09,3421.0,3264.0
2019-07-10,3427.0,3270.0
2019-07-11,3487.0,3330.0
2019-07-12,3453.0,3296.0
2019-07-13,3473.0,3316.0
2019-07-14,3473.0,3316.0
2019-07-15,3469.0,3312.0
2019-07-16,3469.0,3312.0
2019-07-17,3451.0,3294.0
2019-07-18,3489.0,3332.0
2019-07-19,3520.0,3363.0
2019-07-20,3502.0,3345.0
2019-07-21,3502.0,3345.0
2019-07-22,3505.0,3348.0
2019-07-23,3489.0,3332.0
2019-07-24,3497.0,3340.0
2019-07-25,3502.0,3345.0
2019-07-26,3487.0,3330.0
2019-07-27,3488.0,3331.0
2019-07-28,3488.0,3331.0
2019-07-29,3481.0,3324.0
2019-07-30,3490.0,3333.0
2019-07-31,3493.0,3336.0
2019-08-01,3467.0,3310.0
2019-08-02,3540.0,3383.0
2019-08-03,3573.0,3416.0
2019-08-04,3573.0,3416.0
2019-08-05,3617.0,3460.0
2019-08-06,3630.0,3473.0
2019-08-07,3704.0,3547.0
2019-08-08,3715.0,3558.0
2019-08-09,3726.0,3569.0
2019-08-10,3739.0,3582.0
2019-08-11,3739.0,3582.0
2019-08-12,3760.0,3603.0
2019-08-13,3784.0,3627.0
2019-08-14,3735.0,3578.0
2019-08-15,3775.0,3618.0
2019-08-16,3740.0,3583.0
2019-08-17,3764.0,3607.0
2019-08-18,3764.0,3607.0
2019-08-19,3741.0,3584.0
2019-08-20,3761.0,3604.0
2019-08-21,3751.0,3594.0
2019-08-22,3765.0,3608.0
2019-08-23,3757.0,3600.0
2019-08-24,3837.0,3680.0
2019-08-25,3837.0,3680.0
2019-08-26,3842.0,3685.0
2019-08-27,3837.0,3680.0
2019-08-28,3870.0,3713.0
2019-08-29,3869.0,3712.0
2019-08-30,3839.0,3682.0
2019-08-31,3848.0,3691.0
2019-09-01,3848.0,3691.0
2019-09-02,3859.0,3702.0
2019-09-03,3886.0,3729.0
2019-09-04,3898.0,3741.0
2019-09-05,3898.0,3741.0
2019-09-06,3815.0,3658.0
2019-09-07,3828.0,3671.0
2019-09-08,3828.0,3671.0
2019-09-09,3816.0,3659.0
2019-09-10,3806.0,3649.0
2019-09-11,3791.0,3634.0
2019-09-12,3771.0,3614.0
2019-09-13,3769.0,3612.0
2019-09-14,3741.0,3584.0
2019-09-15,3741.0,3584.0
2019-09-16,3777.0,3620.0
2019-09-17,3772.0,3615.0
2019-09-18,3757.0,3600.0
2019-09-19,3737.0,3580.0
2019-09-20,3743.0,3586.0
2019-09-21,3770.0,3613.0
2019-09-22,3770.0,3613.0
2019-09-23,3769.0,3612.0
2019-09-24,3771.0,3614.0
2019-09-25,3799.0,3642.0
2019-09-26,3753.0,3596.0
2019-09-27,3756.0,3599.0
2019-09-28,3775.0,3618.0
2019-09-29,3775.0,3618.0
2019-09-30,3745.0,3588.0
2019-10-01,3713.0,3556.0
2019-10-02,3763.0,3606.0
2019-10-03,3787.0,3630.0
2019-10-04,3801.0,3644.0
2019-10-05,3805.0,3648.0
2019-10-06,3805.0,3648.0
2019-10-07,3809.0,3652.0
2019-10-08,3805.0,3648.0
2019-10-09,3815.0,3658.0
2019-10-10,3827.0,3670.0
2019-10-11,3810.0,3653.0
2019-10-12,3809.0,3644.0
2019-10-13,3809.0,3644.0
2019-10-14,3825.0,3660.0
2019-10-15,3843.0,3678.0
2019-10-16,3826.0,3661.0
2019-10-17,3828.0,3663.0
2019-10-18,3822.0,3657.0
2019-10-19,3831.0,3666.0
2019-10-20,3831.0,3666.0
2019-10-21,3822.0,3657.0
2019-10-22,3817.0,3652.0
2019-10-23,3832.0,3667.0
2019-10-24,3828.0,3663.0
2019-10-25,3858.0,3693.0
2019-10-26,3853.0,3688.0
2019-10-27,3853.0,3688.0
2019-10-28,3848.0,3685.0
2019-10-29,3827.0,3664.0
2019-10-30,3830.0,3667.0
2019-10-31,3859.0,3696.0
2019-11-01,3876.0,3713.0
2019-11-02,3868.0,3705.0
2019-11-03,3868.0,3705.0
2019-11-04,3864.0,3701.0
2019-11-05,3855.0,3692.0
2019-11-06,3821.0,3658.0
2019-11-07,3821.0,3658.0
2019-11-08,3796.0,3633.0
2019-11-09,3793.0,3630.0
2019-11-10,3793.0,3630.0
2019-11-11,3799.0,3636.0
2019-11-12,3781.0,3618.0
2019-11-13,3807.0,3644.0
2019-11-14,3826.0,3663.0
2019-11-15,3801.0,3638.0
2019-11-16,3808.0,3645.0
2019-11-17,3808.0,3645.0
2019-11-18,3790.0,3629.0
2019-11-19,3810.0,3649.0
2019-11-20,3825.0,3664.0
2019-11-21,3815.0,3654.0
2019-11-22,3807.0,3646.0
2019-11-23,3800.0,3639.0
2019-11-24,3800.0,3639.0
2019-11-25,3784.0,3623.0
2019-11-26,3779.0,3618.0
2019-11-27,3773.0,3612.0
2019-11-28,3775.0,3614.0
2019-11-29,3787.0,3626.0
2019-11-30,3807.0,3646.0
2019-12-01,3807.0,3646.0
2019-12-02,3778.0,3617.0
2019-12-03,3789.0,3628.0
2019-12-04,3809.0,3648.0
2019-12-05,3826.0,3644.0
2019-12-06,3822.0,3640.0
2019-12-07,3793.0,3612.0
2019-12-08,3793.0,3612.0
2019-12-09,3785.0,3605.0
2019-12-10,3777.0,3597.0
2019-12-11,3777.0,3597.0
2019-12-12,3782.0,3602.0
2019-12-13,3780.0,3600.0
2019-12-14,3803.0,3622.0
2019-12-15,3803.0,3622.0
2019-12-16,3803.0,3622.0
2019-12-17,3808.0,3627.0
2019-12-18,3815.0,3634.0
2019-12-19,3810.0,3629.0
2019-12-20,3817.0,3636.0
2019-12-21,3819.0,3637.0
2019-12-22,3819.0,3637.0
2019-12-23,3833.0,3651.0
2019-12-24,3847.0,3665.0
2019-12-25,3883.0,3698.0
2019-12-26,3877.0,3692.0
2019-12-27,3899.0,3714.0
2019-12-28,3917.0,3730.0
2019-12-29,3917.0,3730.0
2019-12-30,3909.0,3722.0
2019-12-31,3929.0,3742.0
2020-01-01,3922.0,3735.0
2020-01-02,3923.0,3736.0
2020-01-03,4005.0,3815.0
2020-01-04,4024.0,3832.0
2020-01-05,4024.0,3832.0
2020-01-06,4088.0,3896.0
2020-01-07,4056.0,3863.0
2020-01-08,4092.0,3897.0
2020-01-09,3995.0,3805.0
2020-01-10,3990.0,3800.0
2020-01-11,4011.0,3820.0
2020-01-12,4011.0,3820.0
2020-01-13,3971.0,3782.0
2020-01-14,3954.0,3766.0
2020-01-15,3989.0,3801.0
2020-01-16,3995.0,3808.0
2020-01-17,3999.0,3812.0
2020-01-18,4019.0,3828.0
2020-01-19,4019.0,3828.0
2020-01-20,4015.0,3824.0
2020-01-21,4006.0,3815.0
2020-01-22,4004.0,3813.0
2020-01-23,4002.0,3811.0
2020-01-24,4015.0,3824.0
2020-01-25,4055.0,3862.0
2020-01-26,4055.0,3862.0
2020-01-27,4076.0,3882.0
2020-01-28,4069.0,3875.0
2020-01-29,4049.0,3856.0
2020-01-30,4086.0,3891.0
2020-01-31,4077.0,3883.0
2020-02-01,4118.0,3922.0
2020-02-02,4118.0,3922.0
2020-02-03,4090.0,3894.0
2020-02-04,4050.0,3856.0
2020-02-05,4029.0,3837.0
2020-02-06,4055.0,3862.0
2020-02-07,4066.0,3873.0
2020-02-08,4093.0,3898.0
2020-02-09,4093.0,3898.0
2020-02-10,4086.0,3891.0
2020-02-11,4065.0,3872.0
2020-02-12,4055.0,3862.0
2020-02-13,4083.0,3889.0
2020-02-14,4083.0,3889.0
2020-02-15,4120.0,3924.0
2020-02-16,4120.0,3924.0
2020-02-17,4097.0,3902.0
2020-02-18,4122.0,3926.0
2020-02-19,4163.0,3965.0
2020-02-20,4177.0,3978.0
2020-02-21,4254.0,4051.0
2020-02-22,4276.0,4072.0
2020-02-23,4276.0,4072.0
2020-02-24,4374.0,4166.0
2020-02-25,4297.0,4092.0
2020-02-26,4284.0,4080.0
2020-02-27,4267.0,4064.0
2020-02-28,4267.0,4064.0
2020-02-29,4185.0,3986.0
2020-03-01,4185.0,3986.0
2020-03-02,4205.0,4005.0
2020-03-03,4226.0,4025.0
2020-03-04,4334.0,4128.0
2020-03-05,4328.0,4122.0
2020-03-06,4431.0,4220.0
2020-03-07,4417.0,4207.0
2020-03-08,4417.0,4207.0
2020-03-09,4390.0,4181.0
2020-03-10,4425.0,4214.0
2020-03-11,4372.0,4164.0
2020-03-12,4365.0,4157.0
2020-03-13,4214.0,4013.0
2020-03-14,4131.0,3934.0
2020-03-15,4131.0,3934.0
2020-03-16,4140.0,3943.0
2020-03-17,4011.0,3820.0
2020-03-18,4061.0,3868.0
2020-03-19,4073.0,3879.0
2020-03-20,4150.0,3952.0
2020-03-21,4164.0,3966.0
2020-03-22,4164.0,3966.0
2020-03-23,4150.0,3952.0
2020-03-24,4214.0,4016.0
2020-03-25,4214.0,4016.0
2020-03-26,4315.0,4117.0
2020-03-27,4366.0,4168.0
2020-03-28,4399.0,4201.0
2020-03-29,4399.0,4201.0
2020-03-30,4417.0,4219.0
2020-03-31,4378.0,4180.0
2020-04-01,4365.0,4167.0
2020-04-02,4363.0,4165.0
2020-04-03,4430.0,4232.0
2020-04-04,4460.0,4262.0
2020-04-05,4460.0,4262.0
2020-04-06,4446.0,4248.0
2020-04-07,4498.0,4300.0
2020-04-08,4541.0,4343.0
2020-04-09,4566.0,4368.0
2020-04-10,4601.0,4403.0
2020-04-11,4601.0,4403.0
2020-04-12,4601.0,4403.0
2020-04-13,4638.0,4440.0
2020-04-14,4720.0,4522.0
2020-04-15,4725.0,4517.0
2020-04-16,4728.0,4520.0
2020-04-17,4687.0,4479.0
2020-04-18,4685.0,4477.0
2020-04-19,4685.0,4477.0
2020-04-20,4627.0,4419.0
2020-04-21,4677.0,4469.0
2020-04-22,4696.0,4488.0
2020-04-23,4740.0,4532.0
2020-04-24,4737.0,4529.0
2020-04-25,4717.0,4509.0
2020-04-26,4717.0,4509.0
2020-04-27,4682.0,4474.0
2020-04-28,4632.0,4424.0
2020-04-29,4650.0,4442.0
2020-04-30,4603.0,4395.0
2020-05-01,4549.0,4341.0
2020-05-02,4568.0,4360.0
2020-05-03,4568.0,4360.0
2020-05-04,4584.0,4375.0
2020-05-05,4600.0,4391.0
2020-05-06,4623.0,4414.0
2020-05-07,4591.0,4382.0
2020-05-08,4658.0,4449.0
2020-05-09,4661.0,4452.0
2020-05-10,4661.0,4452.0
2020-05-11,4667.0,4458.0
2020-05-12,4663.0,4454.0
2020-05-13,4652.0,4443.0
2020-05-14,4689.0,4465.0
2020-05-15,4725.0,4501.0
2020-05-16,4773.0,4546.0
2020-05-17,4773.0,4546.0
2020-05-18,4805.0,4578.0
2020-05-19,4708.0,4484.0
2020-05-20,4751.0,4524.0
2020-05-21,4712.0,4487.0
2020-05-22,4753.0,4528.0
2020-05-23,4771.0,4544.0
2020-05-24,4771.0,4544.0
2020-05-25,4771.0,4544.0
2020-05-26,4709.0,4485.0
2020-05-27,4653.0,4431.0
2020-05-28,4709.0,4485.0
2020-05-29,4700.0,4476.0
2020-05-30,4733.0,4508.0
2020-05-31,4733.0,4508.0
2020-06-01,4717.0,4491.0
2020-06-02,4724.0,4498.0
2020-06-03,4695.0,4472.0
2020-06-04,4695.0,4472.0
2020-06-05,4708.0,4484.0
2020-06-06,4657.0,4435.0
2020-06-07,4657.0,4435.0
2020-06-08,4669.0,4447.0
2020-06-09,4703.0,4479.0
2020-06-10,4723.0,4498.0
2020-06-11,4753.0,4526.0
2020-06-12,4761.0,4535.0
2020-06-13,4780.0,4552.0
2020-06-14,4780.0,4552.0
2020-06-15,4736.0,4509.0
2020-06-16,4780.0,4553.0
2020-06-17,4759.0,4532.0
2020-06-18,4785.0,4565.0
2020-06-19,4781.0,4553.0
2020-06-20,4836.0,4608.0
2020-06-21,4836.0,4608.0
2020-06-22,4841.0,4610.0
2020-06-23,4841.0,4610.0
2020-06-24,4891.0,4659.0
2020-06-25,4842.0,4611.0
2020-06-26,4841.0,4611.0
2020-06-27,4870.0,4640.0
2020-06-28,4870.0,4640.0
2020-06-29,4856.0,4624.0
2020-06-30,4862.0,4631.0
2020-07-01,4918.0,4684.0
2020-07-02,4856.0,4622.0
2020-07-03,4853.0,4622.0
2020-07-04,4853.0,4622.0
2020-07-05,4853.0,4622.0
2020-07-06,4853.0,4622.0
2020-07-07,4858.0,4626.0
2020-07-08,4926.0,4692.0
2020-07-09,4954.0,4718.0
2020-07-10,4941.0,4706.0
2020-07-11,4923.0,4689.0
2020-07-12,4923.0,4689.0
2020-07-13,4941.0,4706.0
2020-07-14,4932.0,4697.0
2020-07-15,4952.0,4716.0
2020-07-16,4942.0,4706.0
2020-07-17,4917.0,4683.0
2020-07-18,4938.0,4703.0
2020-07-19,4938.0,4703.0
2020-07-20,4937.0,4702.0
2020-07-21,4951.0,4717.0
2020-07-22,5012.0,4773.0
2020-07-23,5088.0,4847.0
2020-07-24,5129.0,4885.0
2020-07-25,5148.0,4904.0
2020-07-26,5148.0,4904.0
2020-07-27,5262.0,5013.0
2020-07-28,5289.0,5037.0
2020-07-29,5328.0,5075.0
2020-07-30,5348.0,5093.0
2020-07-31,5406.0,5150.0
2020-08-01,5456.0,5196.0
2020-08-02,5456.0,5196.0
2020-08-03,5458.0,5199.0
2020-08-04,5462.0,5202.0
2020-08-05,5589.0,5324.0
2020-08-06,5642.0,5374.0
2020-08-07,5687.0,5416.0
2020-08-08,5654.0,5385.0
2020-08-09,5654.0,5385.0
2020-08-10,5633.0,5365.0
2020-08-11,5504.0,5242.0
2020-08-12,5359.0,5104.0
2020-08-13,5330.0,5076.0
2020-08-14,5355.0,5100.0
2020-08-15,5355.0,5100.0
2020-08-16,5355.0,5100.0
2020-08-17,5328.0,5075.0
2020-08-18,5446.0,5187.0
2020-08-19,5424.0,5166.0
2020-08-20,5292.0,5040.0
2020-08-21,5283.0,5031.0
2020-08-22,5300.0,5048.0
2020-08-23,5300.0,5048.0
2020-08-24,5243.0,4993.0
2020-08-25,5167.0,4921.0
2020-08-26,5148.0,4903.0
2020-08-27,5184.0,4937.0
2020-08-28,5142.0,4897.0
2020-08-29,5173.0,4927.0
2020-08-30,5173.0,4927.0
2020-08-31,5195.0,4947.0
2020-09-01,5212.0,4964.0
2020-09-02,5157.0,4911.0
2020-09-03,5119.0,4875.0
2020-09-04,5123.0,4879.0
2020-09-05,5132.0,4888.0
2020-09-06,5132.0,4888.0
2020-09-07,5132.0,4888.0
2020-09-08,5135.0,4890.0
2020-09-09,5154.0,4909.0
2020-09-10,5166.0,4920.0
2020-09-11,5150.0,4905.0
2020-09-12,5145.0,4900.0
2020-09-13,5145.0,4900.0
2020-09-14,5162.0,4916.0
2020-09-15,5208.0,4960.0
2020-09-16,5194.0,4947.0
2020-09-17,5165.0,4919.0
2020-09-18,5189.0,4942.0
2020-09-19,5206.0,4958.0
2020-09-20,5206.0,4958.0
2020-09-21,5161.0,4915.0
2020-09-22,5093.0,4850.0
2020-09-23,5061.0,4820.0
2020-09-24,5002.0,4764.0
2020-09-25,5028.0,4789.0
2020-09-26,5019.0,4780.0
2020-09-27,5019.0,4780.0
2020-09-28,5079.0,4740.0
2020-09-29,5059.0,4818.0
2020-09-30,5049.0,4809.0
2020-10-01,5056.0,4815.0
2020-10-02,5112.0,4869.0
2020-10-03,5093.0,4850.0
2020-10-04,5093.0,4850.0
2020-10-05,5062.0,4821.0
2020-10-06,5103.0,4860.0
2020-10-07,5046.0,4806.0
2020-10-08,5051.0,4810.0
2020-10-09,5093.0,4850.0
2020-10-10,5125.0,4881.0
2020-10-11,5125.0,4881.0
2020-10-12,5128.0,4884.0
2020-10-13,5129.0,4885.0
2020-10-14,5078.0,4836.0
2020-10-15,5072.0,4830.0
2020-10-16,5106.0,4863.0
2020-10-17,5054.0,4680.0
2020-10-18,5054.0,4680.0
2020-10-19,5084.0,4709.0
2020-10-20,5058.0,4683.0
2020-10-21,5094.0,4717.0
2020-10-22,5098.0,4720.0
2020-10-23,5102.0,4724.0
2020-10-24,5100.0,4722.0
2020-10-25,5100.0,4722.0
2020-10-26,5101.0,4723.0
2020-10-27,5136.0,4756.0
2020-10-28,5148.0,4768.0
2020-10-29,5121.0,4741.0
2020-10-30,5114.0,4734.0
2020-10-31,5140.0,4760.0
2020-11-01,5140.0,4760.0
2020-11-02,5139.0,4759.0
2020-11-03,5150.0,4770.0
2020-11-04,5170.0,4790.0
2020-11-05,5190.0,4810.0
2020-11-06,5247.0,4867.0
2020-11-07,5264.0,4884.0
2020-11-08,5264.0,4884.0
2020-11-09,5302.0,4922.0
2020-11-10,5160.0,4780.0
2020-11-11,5144.0,4764.0
2020-11-12,5141.0,4761.0
2020-11-13,5163.0,4783.0
2020-11-14,5163.0,4783.0
2020-11-15,5163.0,4783.0
2020-11-16,5201.0,4821.0
2020-11-17,5184.0,4804.0
2020-11-18,5160.0,4780.0
2020-11-19,5120.0,4740.0
2020-11-20,5120.0,4740.0
2020-11-21,5140.0,4760.0
2020-11-22,5140.0,4760.0
2020-11-23,5128.0,4748.0
2020-11-24,5020.0,4640.0
2020-11-25,4994.0,4613.0
2020-11-26,4993.0,4613.0
2020-11-27,4969.0,4589.0
2020-11-28,4954.0,4574.0
2020-11-29,4954.0,4574.0
2020-11-30,4899.0,4519.0
2020-12-01,4906.0,4526.0
2020-12-02,4991.0,4611.0
2020-12-03,5036.0,4656.0
2020-12-04,5030.0,4650.0
2020-12-05,5032.0,4652.0
2020-12-06,5032.0,4652.0
2020-12-07,5016.0,4636.0
2020-12-08,5088.0,4708.0
2020-12-09,5064.0,4684.0
2020-12-10,5002.0,4622.0
2020-12-11,5012.0,4632.0
2020-12-12,5037.0,4657.0
2020-12-13,5037.0,4657.0
2020-12-14,4996.0,4611.0
2020-12-15,5038.0,4653.0
2020-12-16,5072.0,4688.0
2020-12-17,5092.0,4708.0
2020-12-18,5104.0,4720.0
2020-12-19,5128.0,4744.0
2020-12-20,5128.0,4744.0
2020-12-21,5153.0,4769.0
2020-12-22,5109.0,4725.0
2020-12-23,5099.0,4715.0
2020-12-24,5104.0,4720.0
2020-12-25,5111.0,4727.0
2020-12-26,5114.0,4730.0
2020-12-27,5114.0,4730.0
2020-12-28,5112.0,4728.0
2020-12-29,5102.0,4718.0
2020-12-30,5096.0,4712.0
2020-12-31,5110.0,4726.0
2021-01-01,5119.0,4735.0
2021-01-02,5132.0,4748.0
2021-01-03,5132.0,4748.0
2021-01-04,5199.0,4815.0
2021-01-05,5240.0,4856.0
2021-01-06,5269.0,4885.0
2021-01-07,5189.0,4805.0
2021-01-08,5138.0,4754.0
2021-01-09,5084.0,4700.0
2021-01-10,5084.0,4700.0
2021-01-11,5064.0,4680.0
2021-01-12,5064.0,4680.0
2021-01-13,5046.0,4662.0
2021-01-14,5046.0,4662.0
2021-01-15,5040.0,4656.0
2021-01-16,4992.0,4608.0
2021-01-17,4992.0,4608.0
2021-01-18,4997.0,4613.0
2021-01-19,5016.0,4632.0
2021-01-20,5035.0,4651.0
2021-01-21,5059.0,4675.0
2021-01-22,5044.0,4660.0
2021-01-23,5039.0,4655.0
2021-01-24,5039.0,4655.0
2021-01-25,5020.0,4636.0
2021-01-26,5020.0,4636.0
2021-01-27,5001.0,4617.0
2021-01-28,5002.0,4618.0
2021-01-29,5022.0,4638.0
2021-01-30,5039.0,4655.0
2021-01-31,5039.0,4655.0
2021-02-01,5009.0,4625.0
2021-02-02,4949.0,4565.0
2021-02-03,4913.0,4529.0
2021-02-04,4867.0,4483.0
2021-02-05,4839.0,4455.0
2021-02-06,4853.0,4469.0
2021-02-07,4853.0,4469.0
2021-02-08,4849.0,4465.0
2021-02-09,4921.0,4537.0
2021-02-10,4906.0,4522.0
2021-02-11,4769.0,4385.0
2021-02-12,4850.0,4466.0
2021-02-13,4852.0,4468.0
2021-02-14,4852.0,4468.0
2021-02-15,4841.0,4457.0
2021-02-16,4848.0,4464.0
2021-02-17,4778.0,4394.0
2021-02-18,4769.0,4385.0
2021-02-19,4732.0,4348.0
2021-02-20,4760.0,4376.0
2021-02-21,4760.0,4376.0
2021-02-22,4779.0,4395.0
2021-02-23,4798.0,4414.0
2021-02-24,4797.0,4413.0
2021-02-25,4756.0,4372.0
2021-02-26,4747.0,4363.0
2021-02-27,4715.0,4331.0
2021-02-28,4715.0,4331.0
2021-03-01,4726.0,4342.0
2021-03-02,4674.0,4286.0
2021-03-03,4655.0,4264.0
2021-03-04,4608.0,4217.0
2021-03-05,4575.0,4184.0
2021-03-06,4607.0,4216.0
2021-03-07,4607.0,4216.0
2021-03-08,4584.0,4193.0
2021-03-09,4595.0,4204.0
2021-03-10,4598.0,4207.0
2021-03-11,4641.0,4250.0
2021-03-12,4571.0,4180.0
2021-03-13,4621.0,4230.0
2021-03-14,4621.0,4230.0
2021-03-15,4620.0,4229.0
2021-03-16,4618.0,4227.0
2021-03-17,4628.0,4237.0
2021-03-18,4631.0,4240.0
2021-03-19,4640.0,4249.0
2021-03-20,4641.0,4250.0
2021-03-21,4641.0,4250.0
2021-03-22,4603.0,4212.0
2021-03-23,4619.0,4228.0
2021-03-24,4623.0,4232.0
2021-03-25,4621.0,4230.0
2021-03-26,4607.0,4216.0
2021-03-27,4591.0,4232.0
2021-03-28,4591.0,4232.0
2021-03-29,4592.0,4233.0
2021-03-30,4561.0,4202.0
2021-03-31,4521.0,4162.0
2021-04-01,4597.0,4238.0
2021-04-02,4626.0,4267.0
2021-04-03,4636.0,4277.0
2021-04-04,4636.0,4277.0
2021-04-05,4617.0,4258.0
2021-04-06,4617.0,4258.0
2021-04-07,4693.0,4334.0
2021-04-08,4724.0,4365.0
2021-04-09,4739.0,4380.0
2021-04-10,4733.0,4374.0
2021-04-11,4733.0,4374.0
2021-04-12,4739.0,4380.0
2021-04-13,4739.0,4380.0
2021-04-14,4739.0,4380.0
2021-04-15,4739.0,4380.0
2021-04-16,4778.0,4419.0
2021-04-17,4811.0,4452.0
2021-04-18,4811.0,4452.0
2021-04-19,4854.0,4495.0
2021-04-20,4806.0,4447.0
2021-04-21,4870.0,4511.0
2021-04-22,4866.0,4507.0
2021-04-23,4854.0,4495.0
2021-04-24,4836.0,4477.0
2021-04-25,4836.0,4477.0
2021-04-26,4829.0,4470.0
2021-04-27,4824.0,4465.0
2021-04-28,4789.0,4430.0
2021-04-29,4784.0,4425.0
2021-04-30,4769.0,4410.0
2021-05-01,4769.0,4410.0
2021-05-02,4769.0,4410.0
2021-05-03,4781.0,4422.0
2021-05-04,4794.0,4435.0
2021-05-05,4774.0,4415.0
2021-05-06,4809.0,4450.0
2021-05-07,4855.0,4496.0
2021-05-08,4869.0,4510.0
2021-05-09,4869.0,4510.0
2021-05-10,4879.0,4520.0
2021-05-11,4879.0,4520.0
2021-05-12,4869.0,4510.0
2021-05-13,4855.0,4496.0
2021-05-14,4866.0,4507.0
2021-05-15,4879.0,4520.0
2021-05-16,4879.0,4520.0
2021-05-17,4914.0,4555.0
2021-05-18,4934.0,4575.0
2021-05-19,4929.0,4570.0
2021-05-20,4947.0,4588.0
2021-05-21,4947.0,4588.0
2021-05-22,4949.0,4590.0
2021-05-23,4957.0,4598.0
2021-05-24,4953.0,4594.0
2021-05-25,4961.0,4602.0
2021-05-26,5011.0,4652.0
2021-05-27,4969.0,4610.0
2021-05-28,4956.0,4597.0
2021-05-29,4970.0,4611.0
2021-05-30,4970.0,4611.0
2021-05-31,4987.0,4628.0
2021-06-01,5017.0,4658.0
2021-06-02,5006.0,4647.0
2021-06-03,4984.0,4625.0
2021-06-04,4944.0,4585.0
2021-06-05,4974.0,4615.0
2021-06-06,4974.0,4615.0
2021-06-07,4971.0,4612.0
2021-06-08,4979.0,4620.0
2021-06-09,4980.0,4621.0
2021-06-10,4966.0,4607.0
2021-06-11,4994.0,4635.0
2021-06-12,4964.0,4605.0
2021-06-13,4964.0,4605.0
2021-06-14,4924.0,4565.0
2021-06-15,4944.0,4585.0
2021-06-16,4936.0,4577.0
2021-06-17,4859.0,4500.0
2021-06-18,4819.0,4460.0
2021-06-19,4789.0,4430.0
2021-06-20,4789.0,4430.0
2021-06-21,4809.0,4450.0
2021-06-22,4799.0,4440.0
2021-06-23,4814.0,4455.0
2021-06-24,4809.0,4450.0
2021-06-25,4809.0,4450.0
2021-06-26,4804.0,4445.0
2021-06-27,4804.0,4445.0
2021-06-28,4799.0,4440.0
2021-06-29,4789.0,4430.0
2021-06-30,4765.0,4406.0
2021-07-01,4804.0,4445.0
2021-07-02,4839.0,4480.0
2021-07-03,4844.0,4485.0
2021-07-04,4844.0,4485.0
2021-07-05,4832.0,4473.0
2021-07-06,4870.0,4520.0
2021-07-07,4870.0,4520.0
2021-07-08,4900.0,4550.0
2021-07-09,4875.0,4515.0
2021-07-10,4885.0,4525.0
2021-07-11,4885.0,4525.0
2021-07-12,4867.0,4507.0
2021-07-13,4878.0,4518.0
2021-07-14,4891.0,4537.0
2021-07-15,4929.0,4575.0
2021-07-16,4914.0,4560.0
2021-07-17,4896.0,4542.0
2021-07-18,4896.0,4542.0
2021-07-19,4888.0,4534.0
2021-07-20,4898.0,4544.0
2021-07-21,4884.0,4530.0
2021-07-22,4854.0,4490.0
2021-07-23,4875.0,4511.0
2021-07-24,4874.0,4510.0
2021-07-25,4874.0,4510.0
2021-07-26,4889.0,4525.0
2021-07-27,4866.0,4502.0
2021-07-28,4871.0,4507.0
2021-07-29,4905.0,4541.0
2021-07-30,4933.0,4569.0
2021-07-31,4912.0,4548.0
2021-08-01,4912.0,4548.0
2021-08-02,4887.0,4523.0
2021-08-03,4891.0,4527.0
2021-08-04,4895.0,4531.0
2021-08-05,4887.0,4523.0
2021-08-06,4865.0,4501.0
2021-08-07,4804.0,4440.0
2021-08-08,4804.0,4440.0
2021-08-09,4755.0,4391.0
2021-08-10,4727.0,4363.0
2021-08-11,4732.0,4368.0
2021-08-12,4759.0,4395.0
2021-08-13,4759.0,4395.0
2021-08-14,4799.0,4435.0
2021-08-15,4799.0,4435.0
2021-08-16,4792.0,4428.0
2021-08-17,4841.0,4477.0
2021-08-18,4828.0,4464.0
2021-08-19,4828.0,4464.0
2021-08-20,4824.0,4460.0
2021-08-21,4829.0,4465.0
2021-08-22,4829.0,4465.0
2021-08-23,4822.0,4458.0
2021-08-24,4849.0,4485.0
2021-08-25,4838.0,4474.0
2021-08-26,4814.0,4450.0
2021-08-27,4823.0,4459.0
2021-08-28,4871.0,4507.0
2021-08-29,4871.0,4507.0
2021-08-30,4830.0,4466.0
2021-08-31,4818.0,4454.0
2021-09-01,4816.0,4452.0
2021-09-02,4819.0,4455.0
2021-09-03,4816.0,4452.0
2021-09-04,4860.0,4496.0
2021-09-05,4860.0,4496.0
2021-09-06,4843.0,4479.0
2021-09-07,4836.0,4472.0
2021-09-08,4814.0,4450.0
2021-09-09,4797.0,4433.0
2021-09-10,4815.0,4451.0
2021-09-11,4804.0,4440.0
2021-09-12,4804.0,4440.0
2021-09-13,4798.0,4434.0
2021-09-14,4798.0,4434.0
2021-09-15,4816.0,4452.0
2021-09-16,4779.0,4415.0
2021-09-17,4735.0,4371.0
2021-09-18,4733.0,4369.0
2021-09-19,4733.0,4369.0
2021-09-20,4724.0,4360.0
2021-09-21,4735.0,4371.0
2021-09-22,4777.0,4413.0
2021-09-23,4747.0,4383.0
2021-09-24,4726.0,4362.0
2021-09-25,4728.0,4364.0
2021-09-26,4728.0,4364.0
2021-09-27,4715.0,4351.0
2021-09-28,4717.0,4353.0
2021-09-29,4713.0,4349.0
2021-09-30,4700.0,4336.0
2021-10-01,4732.0,4368.0
2021-10-02,4751.0,4387.0
2021-10-03,4751.0,4387.0
2021-10-04,4737.0,4373.0
2021-10-05,4753.0,4389.0
2021-10-06,4751.0,4387.0
2021-10-07,4772.0,4408.0
2021-10-08,4777.0,4413.0
2021-10-09,4802.0,4438.0
2021-10-10,4802.0,4438.0
2021-10-11,4790.0,4426.0
2021-10-12,4811.0,4447.0
2021-10-13,4818.0,4454.0
2021-10-14,4891.0,4527.0
2021-10-15,4879.0,4515.0
2021-10-16,4829.0,4465.0
2021-10-17,4829.0,4465.0
2021-10-18,4820.0,4456.0
2021-10-19,4848.0,4484.0
2021-10-20,4833.0,4469.0
2021-10-21,4846.0,4482.0
2021-10-22,4851.0,4487.0
2021-10-23,4879.0,4515.0
2021-10-24,4879.0,4515.0
2021-10-25,4892.0,4528.0
2021-10-26,4900.0,4536.0
2021-10-27,4864.0,4500.0
2021-10-28,4886.0,4522.0
2021-10-29,4872.0,4508.0
2021-10-30,4870.0,4506.0
2021-10-31,4870.0,4506.0
2021-11-01,4857.0,4493.0
2021-11-02,4867.0,4503.0
2021-11-03,4833.0,4469.0
2021-11-04,4811.0,4447.0
2021-11-05,4869.0,4505.0
2021-11-06,4905.0,4541.0
2021-11-07,4905.0,4541.0
2021-11-08,4878.0,4514.0
2021-11-09,4897.0,4533.0
2021-11-10,4918.0,4554.0
2021-11-11,5010.0,4646.0
2021-11-12,4986.0,4622.0
2021-11-13,5019.0,4655.0
2021-11-14,5019.0,4655.0
2021-11-15,5000.0,4636.0
2021-11-16,5023.0,4659.0
2021-11-17,4992.0,4628.0
2021-11-18,4999.0,4635.0
2021-11-19,4993.0,4629.0
2021-11-20,4986.0,4622.0
2021-11-21,4986.0,4622.0
2021-11-22,4977.0,4613.0
2021-11-23,4881.0,4517.0
2021-11-24,4854.0,4490.0
2021-11-25,4860.0,4496.0
2021-11-26,4906.0,4542.0
2021-11-27,4888.0,4524.0
2021-11-28,4888.0,4524.0
2021-11-29,4895.0,4531.0
2021-11-30,4892.0,4528.0
2021-12-01,4852.0,4488.0
2021-12-02,4831.0,4467.0
2021-12-03,4832.0,4468.0
2021-12-04,4875.0,4511.0
2021-12-05,4875.0,4511.0
2021-12-06,4872.0,4508.0
2021-12-07,4878.0,4514.0
2021-12-08,4894.0,4530.0
2021-12-09,4879.0,4515.0
2021-12-10,4872.0,4508.0
2021-12-11,4904.0,4538.0
2021-12-12,4904.0,4538.0
2021-12-13,4901.0,4535.0
2021-12-14,4908.0,4542.0
2021-12-15,4881.0,4515.0
2021-12-16,4922.0,4556.0
2021-12-17,4964.0,4598.0
2021-12-18,4962.0,4596.0
2021-12-19,4962.0,4596.0
2021-12-20,4940.0,4574.0
2021-12-21,4914.0,4548.0
2021-12-22,4894.0,4528.0
2021-12-23,4918.0,4552.0
2021-12-24,4917.0,4551.0
2021-12-25,4919.0,4553.0
2021-12-26,4919.0,4553.0
2021-12-27,4902.0,4536.0
2021-12-28,4910.0,4544.0
2021-12-29,4889.0,4523.0
2021-12-30,4868.0,4502.0
2021-12-31,4885.0,4519.0
